{
  "accuracy": 0.8913043478260869,
  "precision": 0.9142857142857143,
  "recall": 0.897196261682243,
  "f1": 0.9056603773584906,
  "auc": 0.9461099648015536
}